image,damage
images/88.jpg,unanalyzed
images/54.jpg,unanalyzed
images/94.jpg,unanalyzed
images/20.jpg,unanalyzed
images/10.jpg,unanalyzed
images/52.jpg,unanalyzed
images/82.jpg,unanalyzed
images/96.jpg,unanalyzed
images/90.jpg,unanalyzed
images/55.jpg,unanalyzed
images/24.jpg,unanalyzed
images/59.jpg,unanalyzed
images/28.jpg,unanalyzed
images/85.jpg,unanalyzed
images/18.jpg,unanalyzed
images/62.jpg,unanalyzed
images/9.jpg,unanalyzed
images/53.jpg,unanalyzed
images/21.jpg,unanalyzed
images/75.jpg,unanalyzed
images/15.jpg,unanalyzed
images/41.jpg,unanalyzed
images/39.jpg,unanalyzed
images/77.jpg,unanalyzed
images/50.jpg,unanalyzed
images/4.jpg,unanalyzed
images/26.jpg,unanalyzed
images/87.jpg,unanalyzed
images/31.jpg,unanalyzed
images/16.jpg,unanalyzed
images/68.jpg,unanalyzed
images/22.jpg,unanalyzed
images/81.jpg,unanalyzed
images/71.jpg,unanalyzed
images/7.jpg,unanalyzed
images/63.jpg,unanalyzed
images/64.jpg,unanalyzed
images/60.jpg,unanalyzed
images/14.jpg,unanalyzed
images/25.jpg,unanalyzed
images/73.jpg,unanalyzed
images/3.jpg,unanalyzed
images/79.jpg,unanalyzed
images/67.jpg,unanalyzed
images/89.jpg,unanalyzed
images/65.jpg,unanalyzed
images/38.jpg,unanalyzed
images/12.jpg,unanalyzed
images/83.jpg,unanalyzed
images/74.jpg,unanalyzed
images/98.jpg,unanalyzed
images/92.jpg,unanalyzed
images/57.jpg,unanalyzed
images/56.jpg,unanalyzed
images/91.jpg,unanalyzed
images/78.jpg,unanalyzed
images/84.jpg,unanalyzed
images/1.jpg,unanalyzed
images/30.jpg,unanalyzed
images/97.jpg,unanalyzed
images/37.jpg,unanalyzed
images/44.jpg,unanalyzed
images/33.jpg,unanalyzed
images/13.jpg,unanalyzed
images/99.jpg,unanalyzed
images/95.jpg,unanalyzed
images/19.jpg,unanalyzed
images/72.jpg,unanalyzed
images/80.jpg,unanalyzed
images/36.jpg,unanalyzed
images/48.jpg,unanalyzed
images/86.jpg,unanalyzed
images/29.jpg,unanalyzed
images/66.jpg,unanalyzed
images/46.jpg,unanalyzed
images/27.jpg,unanalyzed
images/49.jpg,unanalyzed
images/45.jpg,unanalyzed
images/5.jpg,unanalyzed
images/34.jpg,unanalyzed
images/47.jpg,unanalyzed
images/43.jpg,unanalyzed
images/35.jpg,unanalyzed
images/51.jpg,unanalyzed
images/93.jpg,unanalyzed
images/76.jpg,unanalyzed
images/58.jpg,unanalyzed
images/23.jpg,unanalyzed
images/6.jpg,unanalyzed
images/32.jpg,unanalyzed
images/70.jpg,unanalyzed
images/8.jpg,unanalyzed
images/40.jpg,unanalyzed
images/42.jpg,unanalyzed
images/17.jpg,unanalyzed
images/100.jpg,unanalyzed
images/61.jpg,unanalyzed
images/2.jpg,unanalyzed
images/69.jpg,unanalyzed
images/11.jpg,unanalyzed
